time,y,y_dot
0.000000000000000000e+00,0.000000000000000000e+00,0.000000000000000000e+00
1.000000000000000021e-02,4.983333416633721556e-05,9.950000415832107106e-03
2.000000000000000042e-02,1.986668029312825632e-04,1.980000653462353835e-02
2.999999999999999889e-02,4.455004732896286667e-04,2.955003328960148848e-02
4.000000000000000083e-02,7.893344805006946140e-04,3.920010553371215678e-02
5.000000000000000278e-02,1.229169444736382061e-03,4.875025763276526897e-02
5.999999999999999778e-02,1.764006473837648192e-03,5.820053346276139045e-02
7.000000000000000666e-02,2.392847163314508214e-03,6.755098640989193326e-02
8.000000000000000167e-02,3.114693672747438462e-03,7.680167928228651131e-02
8.999999999999999667e-02,3.928548747770703453e-03,8.595268425403296275e-02
1.000000000000000056e-01,4.833415657361303172e-03,9.500408295895014510e-02
1.100000000000000006e-01,5.828298725211414344e-03,1.039559659269920916e-01
1.199999999999999956e-01,6.912203357978284612e-03,1.128084325532638932e-01
1.300000000000000044e-01,8.084136045284222999e-03,1.215615910980215181e-01
1.400000000000000133e-01,9.343104360244804119e-03,1.302155586860475889e-01
1.499999999999999944e-01,1.068811717386422035e-02,1.387704610388655890e-01
1.600000000000000033e-01,1.211818431578264021e-02,1.472264328422994983e-01
1.700000000000000122e-01,1.363231694073355899e-02,1.555836173620456508e-01
1.799999999999999933e-01,1.522952788762090351e-02,1.638421660323661766e-01
1.900000000000000022e-01,1.690883167951903743e-02,1.720022384560888906e-01
2.000000000000000111e-01,1.866924452367274556e-02,1.800640024046073484e-01
2.099999999999999922e-01,2.050978431149723391e-02,1.880276338178806239e-01
2.200000000000000011e-01,2.242947077297149580e-02,1.958933166004169779e-01
2.300000000000000100e-01,2.442732538982365226e-02,2.036612426760012751e-01
2.399999999999999911e-01,2.650237119880751585e-02,2.113316122783088225e-01
2.500000000000000000e-01,2.865363350723765246e-02,2.189046330766668547e-01
2.600000000000000089e-01,3.088013991720862939e-02,2.263805201455361682e-01
2.700000000000000178e-01,3.318092032559505355e-02,2.337594959645112325e-01
2.800000000000000266e-01,3.555500692405155760e-02,2.410417904183202176e-01
2.899999999999999800e-01,3.800143419901277908e-02,2.482276407968249110e-01
2.999999999999999889e-01,4.051923906873777098e-02,2.553172915974417090e-01
3.099999999999999978e-01,4.310746093629826137e-02,2.623109943740716266e-01
3.200000000000000067e-01,4.576514113588137089e-02,2.692090085448488601e-01
3.300000000000000155e-01,4.849132383735159368e-02,2.760116001950422837e-01
3.400000000000000244e-01,5.128505611543629494e-02,2.827190419819545775e-01
3.500000000000000333e-01,5.414538794972572483e-02,2.893316131349222275e-01
3.599999999999999867e-01,5.707137222467296989e-02,2.958495994553155262e-01
3.699999999999999956e-01,6.006206472959406406e-02,3.022732933165387381e-01
3.800000000000000044e-01,6.311652415866786381e-02,3.086029936640297122e-01
3.900000000000000133e-01,6.623381225783038506e-02,3.148390057780815487e-01
4.000000000000000222e-01,6.941299392688653203e-02,3.209816410035282175e-01
4.100000000000000311e-01,7.265313644195128817e-02,3.270312180056977880e-01
4.199999999999999845e-01,7.595331048117406891e-02,3.329880612704309018e-01
4.299999999999999933e-01,7.931259021984170265e-02,3.388525009583948089e-01
4.400000000000000022e-01,8.273005333037826425e-02,3.446248729050832016e-01
4.500000000000000111e-01,8.620478098234518605e-02,3.503055186208163807e-01
4.600000000000000200e-01,8.973585784244125785e-02,3.558947852907412557e-01
4.700000000000000289e-01,9.332237207450254368e-02,3.613930257748311226e-01
4.799999999999999822e-01,9.696341533950245117e-02,3.668005986078857750e-01
4.899999999999999911e-01,1.006580829711678088e-01,3.721178676719873457e-01
5.000000000000000000e-01,1.044054740391228420e-01,3.773452019162690241e-01
5.100000000000000089e-01,1.082046904719410618e-01,3.824829769998305262e-01
5.200000000000000178e-01,1.120548381574372199e-01,3.875315734670547463e-01
5.300000000000000266e-01,1.159550270340568845e-01,3.924913765874384897e-01
5.400000000000000355e-01,1.199043710908764826e-01,3.973627763555921399e-01
5.500000000000000444e-01,1.239019883676032718e-01,4.021461674912401585e-01
5.600000000000000533e-01,1.279470009545753129e-01,4.068419494392205848e-01
5.700000000000000622e-01,1.320385349927615248e-01,4.114505263694854253e-01
5.799999999999999600e-01,1.361757206737616854e-01,4.159723071771002645e-01
5.899999999999999689e-01,1.403576922398064586e-01,4.204077054822448201e-01
5.999999999999999778e-01,1.445835881980034876e-01,4.247571391472391156e-01
6.099999999999999867e-01,1.488525512504194903e-01,4.290210301642957691e-01
6.199999999999999956e-01,1.531637274798092752e-01,4.331998065395636366e-01
6.300000000000000044e-01,1.575162674473363222e-01,4.372939001529987935e-01
6.400000000000000133e-01,1.619093262569058778e-01,4.413037466243866502e-01
6.500000000000000222e-01,1.663420635551649818e-01,4.452297853133419525e-01
6.600000000000000311e-01,1.708136435315024126e-01,4.490724593193088365e-01
6.700000000000000400e-01,1.753232349180487148e-01,4.528322154815607181e-01
6.800000000000000488e-01,1.798700109896762545e-01,4.565095043792003482e-01
6.900000000000000577e-01,1.844531495639991636e-01,4.601047803311598128e-01
7.000000000000000666e-01,1.890718330013732851e-01,4.636185013962005885e-01
7.099999999999999645e-01,1.937252482048962832e-01,4.670511293729133762e-01
7.199999999999999734e-01,1.984125868694704975e-01,4.704031290645799279e-01
7.299999999999999822e-01,2.031330451829893857e-01,4.736749686624511235e-01
7.399999999999999911e-01,2.078858232956838359e-01,4.768671215040747313e-01
7.500000000000000000e-01,2.126701262814761628e-01,4.799800637400240544e-01
7.600000000000000089e-01,2.174851641652154610e-01,4.830142742620686103e-01
7.700000000000000178e-01,2.223301519226774103e-01,4.859702347031738534e-01
7.800000000000000266e-01,2.272043094805644703e-01,4.888484294375013417e-01
7.900000000000000355e-01,2.321068617165057135e-01,4.916493455804086254e-01
8.000000000000000444e-01,2.370370384590569646e-01,4.943734729884493029e-01
8.100000000000000533e-01,2.419940744877006888e-01,4.970213042593729647e-01
8.200000000000000622e-01,2.469772095328460759e-01,4.995933347321253049e-01
8.300000000000000711e-01,2.519856882758289562e-01,5.020900624868480655e-01
8.399999999999999689e-01,2.570187603489118011e-01,5.045119883448788700e-01
8.499999999999999778e-01,2.620756805882942242e-01,5.068596146937276448e-01
8.599999999999999867e-01,2.671557084405459248e-01,5.091334470778026144e-01
8.699999999999999956e-01,2.722581079835909579e-01,5.113339948984630956e-01
8.800000000000000044e-01,2.773821485490953198e-01,5.134617693176746211e-01
8.900000000000000133e-01,2.825271047235941579e-01,5.155172832537116001e-01
9.000000000000000222e-01,2.876922563484918816e-01,5.175010513811580948e-01
9.100000000000000311e-01,2.928768885200621064e-01,5.194135901309071546e-01
9.200000000000000400e-01,2.980802915894477101e-01,5.212554176901611491e-01
9.300000000000000488e-01,3.033017611626606658e-01,5.230270540024319903e-01
9.400000000000000577e-01,3.085405981005823195e-01,5.247290207675406881e-01
9.500000000000000666e-01,3.137961085189631127e-01,5.263618414416173508e-01
9.599999999999999645e-01,3.190676037884226934e-01,5.279260412371017397e-01
9.699999999999999734e-01,3.243544005344500825e-01,5.294221471227426035e-01
9.799999999999999822e-01,3.296558206494538679e-01,5.308506877224919984e-01
9.899999999999999911e-01,3.349711913548298337e-01,5.322121917771596156e-01
1.000000000000000000e+00,3.402998446415095857e-01,5.335071916177651641e-01
1.010000000000000009e+00,3.456411177706650295e-01,5.347362214248015944e-01
1.020000000000000018e+00,3.509943534428828227e-01,5.358998161939054761e-01
1.030000000000000027e+00,3.563588997981642081e-01,5.369985117358566651e-01
1.040000000000000036e+00,3.617341104159250142e-01,5.380328446765781925e-01
1.050000000000000044e+00,3.671193443149959879e-01,5.390033524571367085e-01
1.060000000000000053e+00,3.725139659536223502e-01,5.399105733337417057e-01
1.070000000000000062e+00,3.779173452294640190e-01,5.407550463777466287e-01
1.080000000000000071e+00,3.833288574795956638e-01,5.415373114756477646e-01
1.090000000000000080e+00,3.887478834805066508e-01,5.422579093290850194e-01
1.100000000000000089e+00,3.941738094481009314e-01,5.429173814548414745e-01
1.110000000000000098e+00,3.996060270376970980e-01,5.435162701848434974e-01
1.120000000000000107e+00,4.050439333440286060e-01,5.440551186661609639e-01
1.130000000000000115e+00,4.104869308338180978e-01,5.445344699495027196e-01
1.140000000000000124e+00,4.159344270851605407e-01,5.449548677372411110e-01
1.150000000000000133e+00,4.213858350679488551e-01,5.453168582408344234e-01
1.159999999999999920e+00,4.268405732499687688e-01,5.456209876719765317e-01
1.169999999999999929e+00,4.322980655963901131e-01,5.458678021889030729e-01
1.179999999999999938e+00,4.377577415697653240e-01,5.460578478963913351e-01
1.189999999999999947e+00,4.432190361300307191e-01,5.461916708457601466e-01
1.199999999999999956e+00,4.486813897345057756e-01,5.462698170348700977e-01
1.209999999999999964e+00,4.541442483378934636e-01,5.462928324081234299e-01
1.219999999999999973e+00,4.596070633922799686e-01,5.462612628564639250e-01
1.229999999999999982e+00,4.650692918471350801e-01,5.461756542173772377e-01
1.239999999999999991e+00,4.705303961493118026e-01,5.460365522748906741e-01
1.250000000000000000e+00,4.759898442430465781e-01,5.458445027595730803e-01
1.260000000000000009e+00,4.814471095699593972e-01,5.456000513485348424e-01
1.270000000000000018e+00,4.869016710690532435e-01,5.453037436654284420e-01
1.280000000000000027e+00,4.923530129744278505e-01,5.449561245308515156e-01
1.290000000000000036e+00,4.978006245835038257e-01,5.445577384174284941e-01
1.300000000000000044e+00,5.032440009280263471e-01,5.441091314579401539e-01
1.310000000000000053e+00,5.086826424850141581e-01,5.436108490374446101e-01
1.320000000000000062e+00,5.141160551619936570e-01,5.430634357148054203e-01
1.330000000000000071e+00,5.195437502969986188e-01,5.424674352226913632e-01
1.340000000000000080e+00,5.249652446585705290e-01,5.418233904675764379e-01
1.350000000000000089e+00,5.303800604457582502e-01,5.411318435297399754e-01
1.360000000000000098e+00,5.357877252881182439e-01,5.403933356632663054e-01
1.370000000000000107e+00,5.411877722457146822e-01,5.396084072960454225e-01
1.380000000000000115e+00,5.465797398091188919e-01,5.387775980297723200e-01
1.390000000000000124e+00,5.519631718994102432e-01,5.379014466399472116e-01
1.400000000000000133e+00,5.573376178681750392e-01,5.369804910758758654e-01
1.409999999999999920e+00,5.627026324975075156e-01,5.360152684606689366e-01
1.419999999999999929e+00,5.680577760000095067e-01,5.350063150912425236e-01
1.429999999999999938e+00,5.734026139864585314e-01,5.339541663678516459e-01
1.439999999999999947e+00,5.787367167263065548e-01,5.328593556063105918e-01
1.449999999999999956e+00,5.840596602001816295e-01,5.317224168699850040e-01
1.459999999999999964e+00,5.893710259588562650e-01,5.305438836085121235e-01
1.469999999999999973e+00,5.946704008006139519e-01,5.293242877821563441e-01
1.479999999999999982e+00,5.999573767712487182e-01,5.280641598618102117e-01
1.489999999999999991e+00,6.052315511640653511e-01,5.267640288289934247e-01
1.500000000000000000e+00,6.104925265198790640e-01,5.254244221758537225e-01
1.510000000000000009e+00,6.157399106270161626e-01,5.240458659051663304e-01
1.520000000000000018e+00,6.209733165213133788e-01,5.226288845303342923e-01
1.530000000000000027e+00,6.261923624861180926e-01,5.211740010753882490e-01
1.540000000000000036e+00,6.313966720522883325e-01,5.196817370749864384e-01
1.550000000000000044e+00,6.365858739981932191e-01,5.181526125744146949e-01
1.560000000000000053e+00,6.417596023497119662e-01,5.165871461295868938e-01
1.570000000000000062e+00,6.469174963802347689e-01,5.149858548070440634e-01
1.580000000000000071e+00,6.520592006106624705e-01,5.133492541839552725e-01
1.590000000000000080e+00,6.571843647652215736e-01,5.116778582924849106e-01
1.600000000000000089e+00,6.622926427713611286e-01,5.099721786577641192e-01
1.610000000000000098e+00,6.673836943515468745e-01,5.082327266891250028e-01
1.620000000000000107e+00,6.724571846875641024e-01,5.064600125133644770e-01
1.630000000000000115e+00,6.775127839216634751e-01,5.046545442226635370e-01
1.640000000000000124e+00,6.825501671565615824e-01,5.028168278745874797e-01
1.650000000000000133e+00,6.875690144554404970e-01,5.009473674920857933e-01
1.660000000000000142e+00,6.925690108419483293e-01,4.990466650634922119e-01
1.669999999999999929e+00,6.975498463001982286e-01,4.971152205425248272e-01
1.679999999999999938e+00,7.025112157747699371e-01,4.951535318482856995e-01
1.689999999999999947e+00,7.074528191707080138e-01,4.931620948652611913e-01
1.699999999999999956e+00,7.123743613535232777e-01,4.911414034433220777e-01
1.709999999999999964e+00,7.172755521491919195e-01,4.890919493977231580e-01
1.719999999999999973e+00,7.221561063441559458e-01,4.870142225091034782e-01
1.729999999999999982e+00,7.270157436853229571e-01,4.849087105234863859e-01
1.739999999999999991e+00,7.318541888800664807e-01,4.827758991522794196e-01
1.750000000000000000e+00,7.366711715962253049e-01,4.806162720722743642e-01
1.760000000000000009e+00,7.414664258368095506e-01,4.784303105066621264e-01
1.770000000000000018e+00,7.462396899077332613e-01,4.762184936757989373e-01
1.780000000000000027e+00,7.509907082213828078e-01,4.739812998345435124e-01
1.790000000000000036e+00,7.557192298249502116e-01,4.717192048211658051e-01
1.800000000000000044e+00,7.604250083498963475e-01,4.694326820158398750e-01
1.810000000000000053e+00,7.651078020119512768e-01,4.671222023406435553e-01
1.820000000000000062e+00,7.697673736111141363e-01,4.647882342595584526e-01
1.830000000000000071e+00,7.744034905316530271e-01,4.624312437784701135e-01
1.840000000000000080e+00,7.790159247421052369e-01,4.600516944451680246e-01
1.850000000000000089e+00,7.836044527952772398e-01,4.576500473493453347e-01
1.860000000000000098e+00,7.881688558282442525e-01,4.552267611225991883e-01
1.870000000000000107e+00,7.927089195623507889e-01,4.527822919384306144e-01
1.880000000000000115e+00,7.972244343032104386e-01,4.503170935122444707e-01
1.890000000000000124e+00,8.017151949407058664e-01,4.478316171013493885e-01
1.900000000000000133e+00,8.061810009489888129e-01,4.453263115049579390e-01
1.910000000000000142e+00,8.106216563864798719e-01,4.428016230641865780e-01
1.919999999999999929e+00,8.150369698958689346e-01,4.402579956620557011e-01
1.929999999999999938e+00,8.194267537562069936e-01,4.376958703873837786e-01
1.939999999999999947e+00,8.237908244989969875e-01,4.351156861955297050e-01
1.949999999999999956e+00,8.281290044953177887e-01,4.325178802333268235e-01
1.959999999999999964e+00,8.324411202684268707e-01,4.299028868954747340e-01
1.969999999999999973e+00,8.367270024763885372e-01,4.272711378165565121e-01
1.979999999999999982e+00,8.409864859120741443e-01,4.246230618710385984e-01
1.989999999999999991e+00,8.452194095031622112e-01,4.219590851732710202e-01
2.000000000000000000e+00,8.494256163121380876e-01,4.192796310774872248e-01
2.010000000000000231e+00,8.536049535362942864e-01,4.165851201778040802e-01
2.020000000000000018e+00,8.577572725077300397e-01,4.138759703082220964e-01
2.030000000000000249e+00,8.618824286933520762e-01,4.111525965426249263e-01
2.040000000000000036e+00,8.659802816948736215e-01,4.084154111947801424e-01
2.049999999999999822e+00,8.700506952488151757e-01,4.056648238183384048e-01
2.060000000000000053e+00,8.740935372265045133e-01,4.029012412068338489e-01
2.069999999999999840e+00,8.781086796340756839e-01,4.001250673936844193e-01
2.080000000000000071e+00,8.820959986124705665e-01,3.973367036521911477e-01
2.089999999999999858e+00,8.860553744374373153e-01,3.945365484955388746e-01
2.100000000000000089e+00,8.899866911713288919e-01,3.917249976207304862e-01
2.109999999999999876e+00,8.938898354045986538e-01,3.889024439526873045e-01
2.120000000000000107e+00,8.977646997298165399e-01,3.860692782946542057e-01
2.129999999999999893e+00,9.016111807776953091e-01,3.832258886031260081e-01
2.140000000000000124e+00,9.054291788067065916e-01,3.803726598907881673e-01
2.149999999999999911e+00,9.092185977030795563e-01,3.775099742265178304e-01
2.160000000000000142e+00,9.129793449808029093e-01,3.746382107353827817e-01
2.169999999999999929e+00,9.167113317816228957e-01,3.717577455986426083e-01
2.180000000000000160e+00,9.204144728750449644e-01,3.688689520537473121e-01
2.189999999999999947e+00,9.240886866583321035e-01,3.659722003943388091e-01
2.200000000000000178e+00,9.277338951565067271e-01,3.630678579702494857e-01
2.209999999999999964e+00,9.313500240223488991e-01,3.601562891875035310e-01
2.220000000000000195e+00,9.349370025363975545e-01,3.572378555083157159e-01
2.229999999999999982e+00,9.384947636069497223e-01,3.543129154510925582e-01
2.240000000000000213e+00,9.420232437700615247e-01,3.513818245904311022e-01
2.250000000000000000e+00,9.455223831895465114e-01,3.484449355571201945e-01
2.260000000000000231e+00,9.489921256569777697e-01,3.455025980381393191e-01
2.270000000000000018e+00,9.524324185916858143e-01,3.425551587766595407e-01
2.280000000000000249e+00,9.558432126098179715e-01,3.396029615849985306e-01
2.290000000000000036e+00,9.592244601929226233e-01,3.366463476171502878e-01
2.300000000000000266e+00,9.625761196825417532e-01,3.336856553252006141e-01
2.310000000000000053e+00,9.658981529353491968e-01,3.307212201603496604e-01
2.319999999999999840e+00,9.691905248858206923e-01,3.277533745599121584e-01
2.330000000000000071e+00,9.724532035462336577e-01,3.247824479473174764e-01
2.339999999999999858e+00,9.756861600066665252e-01,3.218087667321103962e-01
2.350000000000000089e+00,9.788893684349996294e-01,3.188326543099498922e-01
2.359999999999999876e+00,9.820628060769146517e-01,3.158544310626102969e-01
2.370000000000000107e+00,9.852064532558948429e-01,3.128744143579803572e-01
2.379999999999999893e+00,9.883202933732246898e-01,3.098929185500639560e-01
2.390000000000000124e+00,9.914043129079908034e-01,3.069102549789796130e-01
2.399999999999999911e+00,9.944585014170804760e-01,3.039267319709608728e-01
2.410000000000000142e+00,9.974828515351832348e-01,3.009426548383558053e-01
2.419999999999999929e+00,1.000477358974789510e+00,2.979583258796277279e-01
2.430000000000000160e+00,1.003442022526191968e+00,2.949740443793543165e-01
2.439999999999999947e+00,1.006376844057483844e+00,2.919901066082286056e-01
2.450000000000000178e+00,1.009281828514560608e+00,2.890068058230578774e-01
2.459999999999999964e+00,1.012156983921118858e+00,2.860244322667648276e-01
2.470000000000000195e+00,1.015002320231121802e+00,2.830432734102113490e-01
2.479999999999999982e+00,1.017817849638753103e+00,2.800636142026127207e-01
2.490000000000000213e+00,1.020603589805495481e+00,2.770857362926658629e-01
2.500000000000000000e+00,1.023359560981100813e+00,2.741099183394182792e-01
2.510000000000000231e+00,1.026085785914053750e+00,2.711364360264857942e-01
2.520000000000000018e+00,1.028782289851571941e+00,2.681655620620532754e-01
2.530000000000000249e+00,1.031449100539606256e+00,2.651975661788736893e-01
2.540000000000000036e+00,1.034086248222839233e+00,2.622327151342691565e-01
2.550000000000000266e+00,1.036693765644687293e+00,2.592712727101298409e-01
2.560000000000000053e+00,1.039271688047299191e+00,2.563134997129150605e-01
2.569999999999999840e+00,1.041820053171556237e+00,2.533596539736523434e-01
2.580000000000000071e+00,1.044338901257072960e+00,2.504099903479379274e-01
2.589999999999999858e+00,1.046828275042196443e+00,2.474647607159369267e-01
2.600000000000000089e+00,1.049288219764006769e+00,2.445242139823825822e-01
2.609999999999999876e+00,1.051718783158316350e+00,2.415885960765773166e-01
2.620000000000000107e+00,1.054120015459670601e+00,2.386581499523915961e-01
2.629999999999999893e+00,1.056491969401348152e+00,2.357331155882650131e-01
2.640000000000000124e+00,1.058834700215359748e+00,2.328137299872052868e-01
2.649999999999999911e+00,1.061148265632449350e+00,2.299002271767892347e-01
2.660000000000000142e+00,1.063432725850274707e+00,2.269928382201726880e-01
2.669999999999999929e+00,1.065688141251369458e+00,2.240917921293260340e-01
2.680000000000000160e+00,1.067914576249773706e+00,2.211973147765277925e-01
2.689999999999999947e+00,1.070112099015470886e+00,2.183096286405082631e-01
2.700000000000000178e+00,1.072280779628296044e+00,2.154289533655606437e-01
2.709999999999999964e+00,1.074420690077935614e+00,2.125555057615421406e-01
2.720000000000000195e+00,1.076531904263928086e+00,2.096894998038729419e-01
2.729999999999999982e+00,1.078614497995663779e+00,2.068311466335372162e-01
2.740000000000000213e+00,1.080668548992384626e+00,2.039806545570821417e-01
2.750000000000000000e+00,1.082694136883184166e+00,2.011382290466188494e-01
2.760000000000000231e+00,1.084691343207007996e+00,1.983040727398214520e-01
2.770000000000000018e+00,1.086660251412652878e+00,1.954783854399280707e-01
2.780000000000000249e+00,1.088600946858768070e+00,1.926613641157397527e-01
2.790000000000000036e+00,1.090513516813853778e+00,1.898532029016215816e-01
2.800000000000000266e+00,1.092398050456262926e+00,1.870540930975016225e-01
2.810000000000000053e+00,1.094254638874199159e+00,1.842642231688718935e-01
2.819999999999999840e+00,1.096083375065718180e+00,1.814837787467875330e-01
2.830000000000000071e+00,1.097884353938728186e+00,1.787129426278671607e-01
2.839999999999999858e+00,1.099657672310987877e+00,1.759518947742932660e-01
2.850000000000000089e+00,1.101403428910108673e+00,1.732008123138112921e-01
2.859999999999999876e+00,1.103121724373553159e+00,1.704598695397307184e-01
2.870000000000000107e+00,1.104812660899206822e+00,1.677292381852403813e-01
2.879999999999999893e+00,1.106476341479853076e+00,1.650090882775358536e-01
2.890000000000000124e+00,1.108112872587462494e+00,1.622995860292226755e-01
2.899999999999999911e+00,1.109722362349232716e+00,1.596008948488295276e-01
2.910000000000000142e+00,1.111304920285402842e+00,1.569131755221576385e-01
2.919999999999999929e+00,1.112860657309254098e+00,1.542365862122817843e-01
2.930000000000000160e+00,1.114389685727109169e+00,1.515712824595492336e-01
2.939999999999999947e+00,1.115892119238332869e+00,1.489174171815807746e-01
2.950000000000000178e+00,1.117368072935331469e+00,1.462751406732697435e-01
2.959999999999999964e+00,1.118817663303553367e+00,1.436446006067829684e-01
2.970000000000000195e+00,1.120241008221488421e+00,1.410259420315598533e-01
2.979999999999999982e+00,1.121638226960668838e+00,1.384193073743132385e-01
2.990000000000000213e+00,1.123009440185668062e+00,1.358248364390285678e-01
3.000000000000000000e+00,1.124354769954101219e+00,1.332426664069647770e-01
3.010000000000000231e+00,1.125674339716626005e+00,1.306729318366533499e-01
3.020000000000000018e+00,1.126968274316941354e+00,1.281157646638992620e-01
3.030000000000000249e+00,1.128236699991788106e+00,1.255712942017800093e-01
3.040000000000000036e+00,1.129479744370948557e+00,1.230396471406466352e-01
3.050000000000000266e+00,1.130697536066603837e+00,1.205209478342121748e-01
3.060000000000000053e+00,1.131890204258616528e+00,1.180153187535782910e-01
3.070000000000000284e+00,1.133057881061363847e+00,1.155228788338614893e-01
3.080000000000000071e+00,1.134200699707204274e+00,1.130437445164514387e-01
3.089999999999999858e+00,1.135318794373066043e+00,1.105780298600391731e-01
3.100000000000000089e+00,1.136412300180446033e+00,1.081258465406174929e-01
3.109999999999999876e+00,1.137481353195410438e+00,1.056873038514812291e-01
3.120000000000000107e+00,1.138526090428594983e+00,1.032625087032264938e-01
3.129999999999999893e+00,1.139546649835203818e+00,1.008515656237515962e-01
3.140000000000000124e+00,1.140543170315011290e+00,9.845457675825609878e-02
3.149999999999999911e+00,1.141515791712359951e+00,9.607164186924176119e-02
3.160000000000000142e+00,1.142464654816162328e+00,9.370285833651162410e-02
3.169999999999999929e+00,1.143389901359899818e+00,9.134832115717084200e-02
3.180000000000000160e+00,1.144291674021623129e+00,8.900812294562596150e-02
3.189999999999999947e+00,1.145170116423951612e+00,8.668235393358558749e-02
3.200000000000000178e+00,1.146025373134075043e+00,8.437110197005970313e-02
3.209999999999999964e+00,1.146857589663750732e+00,8.207445252136039149e-02
3.220000000000000195e+00,1.147666912469306855e+00,7.979248867110105836e-02
3.229999999999999982e+00,1.148453488740605266e+00,7.752529139043673467e-02
3.240000000000000213e+00,1.149217466445394242e+00,7.527293967459235124e-02
3.250000000000000000e+00,1.149958994921604472e+00,7.303550964168722959e-02
3.260000000000000231e+00,1.150678224127604121e+00,7.081307523409799409e-02
3.270000000000000018e+00,1.151375304611582440e+00,6.860570825226873504e-02
3.280000000000000249e+00,1.152050387511548424e+00,6.641347835471021754e-02
3.290000000000000036e+00,1.152703624555332151e+00,6.423645305800072813e-02
3.300000000000000266e+00,1.153335168060583893e+00,6.207469773678523511e-02
3.310000000000000053e+00,1.153945170934774334e+00,5.992827562377619349e-02
3.320000000000000284e+00,1.154533786675195239e+00,5.779724780975275394e-02
3.330000000000000071e+00,1.155101169368957903e+00,5.568167324356157466e-02
3.339999999999999858e+00,1.155647473692994920e+00,5.358160873211607889e-02
3.350000000000000089e+00,1.156172854914058856e+00,5.149710894039681575e-02
3.359999999999999876e+00,1.156677468888723359e+00,4.942822639145168229e-02
3.370000000000000107e+00,1.157161472037190997e+00,4.737501149012574020e-02
3.379999999999999893e+00,1.157625020879927469e+00,4.533751298706797939e-02
3.390000000000000124e+00,1.158068273051982233e+00,4.331577711241014345e-02
3.399999999999999911e+00,1.158491386808898627e+00,4.130984790886281510e-02
3.410000000000000142e+00,1.158894520702101749e+00,3.931976750736295573e-02
3.419999999999999929e+00,1.159277833578898242e+00,3.734557612707462004e-02
3.430000000000000160e+00,1.159641484582476512e+00,3.538731207538824836e-02
3.439999999999999947e+00,1.159985633151906947e+00,3.344501174792137432e-02
3.450000000000000178e+00,1.160310439022140816e+00,3.151870962851791025e-02
3.459999999999999964e+00,1.160616062224011591e+00,2.960843828924886525e-02
3.470000000000000195e+00,1.160902663084234510e+00,2.771422839041163752e-02
3.479999999999999982e+00,1.161170402225406351e+00,2.583610868053070123e-02
3.490000000000000213e+00,1.161419440566005212e+00,2.397410599635694389e-02
3.500000000000000000e+00,1.161649939320391622e+00,2.212824526286830823e-02
3.510000000000000231e+00,1.161862059998806762e+00,2.029854949326915028e-02
3.520000000000000018e+00,1.162055964341302428e+00,1.848503990222225696e-02
3.530000000000000249e+00,1.162231814348021475e+00,1.668773595209594243e-02
3.540000000000000036e+00,1.162389772389002207e+00,1.490665504712795041e-02
3.550000000000000266e+00,1.162530000915546147e+00,1.314181287143168647e-02
3.560000000000000053e+00,1.162652662449977337e+00,1.139322340349127778e-02
3.570000000000000284e+00,1.162757919585642119e+00,9.660898916160946814e-03
3.580000000000000071e+00,1.162845934986910024e+00,7.944849976665621996e-03
3.589999999999999858e+00,1.162916871389172435e+00,6.245085446600406875e-03
3.600000000000000089e+00,1.162970891598843703e+00,4.561612481930829924e-03
3.609999999999999876e+00,1.163008158493360700e+00,2.894436532993021477e-03
3.620000000000000107e+00,1.163028835021183038e+00,1.243561344493243626e-03
3.629999999999999893e+00,1.163033084180462140e+00,-3.910110201569646669e-04
3.640000000000000124e+00,1.163021068875324415e+00,-2.009279990743927536e-03
3.649999999999999911e+00,1.162992952294416016e+00,-3.611246907766050510e-03
3.660000000000000142e+00,1.162948897603886644e+00,-5.196914727684756596e-03
3.669999999999999929e+00,1.162889067857270753e+00,-6.766287926379807235e-03
3.680000000000000160e+00,1.162813625995486211e+00,-8.319372499149855354e-03
3.689999999999999947e+00,1.162722734846834971e+00,-9.856175960711905867e-03
3.700000000000000178e+00,1.162616557127003070e+00,-1.137670734520184433e-02
3.709999999999999964e+00,1.162495255439059960e+00,-1.288097720617391653e-02
3.720000000000000195e+00,1.162358992273459846e+00,-1.436899761660124196e-02
3.729999999999999982e+00,1.162207930008040568e+00,-1.584078216887530033e-02
3.740000000000000213e+00,1.162042230908023388e+00,-1.729634597480645200e-02
3.750000000000000000e+00,1.161862057016285421e+00,-1.873570551417501340e-02
3.760000000000000231e+00,1.161667570324878218e+00,-2.015887881841312360e-02
3.770000000000000018e+00,1.161458932761887386e+00,-2.156588550493080195e-02
3.780000000000000249e+00,1.161236305982489503e+00,-2.295674652820839379e-02
3.790000000000000036e+00,1.160999851368796465e+00,-2.433148417959771909e-02
3.800000000000000266e+00,1.160749730029855042e+00,-2.569012208732256164e-02
3.810000000000000053e+00,1.160486102801646657e+00,-2.703268521647818334e-02
3.820000000000000284e+00,1.160209130247087383e+00,-2.835919986903179604e-02
3.830000000000000071e+00,1.159918972656028835e+00,-2.966969368382210009e-02
3.839999999999999858e+00,1.159615790045256833e+00,-3.096419563655968682e-02
3.850000000000000089e+00,1.159299742158492297e+00,-3.224273603982686504e-02
3.859999999999999876e+00,1.158970988367634014e+00,-3.350534640602139541e-02
3.870000000000000107e+00,1.158629687761415283e+00,-3.475205952877549742e-02
3.879999999999999893e+00,1.158275999329372308e+00,-3.598290975645988821e-02
3.890000000000000124e+00,1.157910081647837375e+00,-3.719793259626519993e-02
3.899999999999999911e+00,1.157532092872591178e+00,-3.839716470454421909e-02
3.910000000000000142e+00,1.157142190738861709e+00,-3.958064388681231671e-02
3.919999999999999929e+00,1.156740532561324919e+00,-4.074840909774699732e-02
3.930000000000000160e+00,1.156327275234104723e+00,-4.190050044118834305e-02
3.939999999999999947e+00,1.155902575230772777e+00,-4.303695917013859035e-02
3.950000000000000178e+00,1.155466588604348921e+00,-4.415782768676253939e-02
3.959999999999999964e+00,1.155019470987300068e+00,-4.526314954238713772e-02
3.970000000000000195e+00,1.154561377591541982e+00,-4.635296943750193133e-02
3.979999999999999982e+00,1.154092463150649062e+00,-4.742733312747882124e-02
3.990000000000000213e+00,1.153612881888347541e+00,-4.848628732394320850e-02
4.000000000000000000e+00,1.153122787839071961e+00,-4.952988021889949410e-02
4.009999999999999787e+00,1.152622334512845237e+00,-5.055816100415963521e-02
4.020000000000000462e+00,1.152111674865369251e+00,-5.157117982559534380e-02
4.030000000000000249e+00,1.151590961298023963e+00,-5.256898778313776055e-02
4.040000000000000036e+00,1.151060345657867412e+00,-5.355163693077803766e-02
4.049999999999999822e+00,1.150519979237636825e+00,-5.451918027656693644e-02
4.060000000000000497e+00,1.149970012775747286e+00,-5.547167178261502851e-02
4.070000000000000284e+00,1.149410596456293066e+00,-5.640916636509235582e-02
4.080000000000000071e+00,1.148841879909046071e+00,-5.733171989422891635e-02
4.089999999999999858e+00,1.148264012209456952e+00,-5.823938919431433797e-02
4.099999999999999645e+00,1.147677141878655105e+00,-5.913223204369798952e-02
4.110000000000000320e+00,1.147081416824745403e+00,-6.001030705710285601e-02
4.120000000000000107e+00,1.146476984346578964e+00,-6.087367362366830764e-02
4.129999999999999893e+00,1.145863991396601778e+00,-6.172239244404834069e-02
4.139999999999999680e+00,1.145242584278924891e+00,-6.255652501495685691e-02
4.150000000000000355e+00,1.144612908628819703e+00,-6.337613359134716684e-02
4.160000000000000142e+00,1.143975109412717739e+00,-6.418128118641169833e-02
4.169999999999999929e+00,1.143329330928210208e+00,-6.497203157158241982e-02
4.179999999999999716e+00,1.142675716804049335e+00,-6.574844927653054893e-02
4.190000000000000391e+00,1.142014410000146585e+00,-6.651059958916670511e-02
4.200000000000000178e+00,1.141345552807574437e+00,-6.725854855564061818e-02
4.209999999999999964e+00,1.140669286848565056e+00,-6.799236298034155856e-02
4.219999999999999751e+00,1.139985753076511177e+00,-6.871211042589805973e-02
4.230000000000000426e+00,1.139295091775964774e+00,-6.941785921317802921e-02
4.240000000000000213e+00,1.138597442561229967e+00,-7.010967841787578425e-02
4.250000000000000000e+00,1.137892944267247630e+00,-7.078763756677730612e-02
4.259999999999999787e+00,1.137181735204455757e+00,-7.145180717747279253e-02
4.270000000000000462e+00,1.136463953056519260e+00,-7.210225863156323467e-02
4.280000000000000249e+00,1.135739734746081142e+00,-7.273906387763728887e-02
4.290000000000000036e+00,1.135009216434762935e+00,-7.336229543127162356e-02
4.299999999999999822e+00,1.134272533523163817e+00,-7.397202637503061395e-02
4.310000000000000497e+00,1.133529820650861941e+00,-7.456833035846657798e-02
4.320000000000000284e+00,1.132781211696413326e+00,-7.515128159811945707e-02
4.330000000000000071e+00,1.132026839777352745e+00,-7.572095487751716314e-02
4.339999999999999858e+00,1.131266837250192614e+00,-7.627742554717539814e-02
4.350000000000000533e+00,1.130501335710424105e+00,-7.682076952459773733e-02
4.360000000000000320e+00,1.129730465992516919e+00,-7.735106329427540728e-02
4.370000000000000107e+00,1.128954358169918182e+00,-7.786838390768760498e-02
4.379999999999999893e+00,1.128173141554815961e+00,-7.837280898250700845e-02
4.389999999999999680e+00,1.127386944627807086e+00,-7.886441641543445735e-02
4.400000000000000355e+00,1.126595895216967236e+00,-7.934328485782515816e-02
4.410000000000000142e+00,1.125800120436128315e+00,-7.980949368342885042e-02
4.419999999999999929e+00,1.124999746569711689e+00,-8.026312265061338880e-02
4.429999999999999716e+00,1.124194899072727738e+00,-8.070425190236461821e-02
4.440000000000000391e+00,1.123385702570776523e+00,-8.113296196628647095e-02
4.450000000000000178e+00,1.122572280860048233e+00,-8.154933375460075851e-02
4.459999999999999964e+00,1.121754756907321404e+00,-8.195344856414744916e-02
4.469999999999999751e+00,1.120933252849964923e+00,-8.234538807638450142e-02
4.480000000000000426e+00,1.120107889995936246e+00,-8.272523435738793340e-02
4.490000000000000213e+00,1.119278788823782955e+00,-8.309306985785164246e-02
4.500000000000000000e+00,1.118446068982642094e+00,-8.344897741308773820e-02
4.509999999999999787e+00,1.117609849292239499e+00,-8.379304024302623721e-02
4.520000000000000462e+00,1.116770247742891353e+00,-8.412534195221524347e-02
4.530000000000000249e+00,1.115927381482990421e+00,-8.444596644432306176e-02
4.540000000000000036e+00,1.115081366836289334e+00,-8.475499777836939530e-02
4.549999999999999822e+00,1.114232319398914761e+00,-8.505252080031060202e-02
4.560000000000000497e+00,1.113380353906231912e+00,-8.533862063587277502e-02
4.570000000000000284e+00,1.112525584219880903e+00,-8.561338262542306232e-02
4.580000000000000071e+00,1.111668123327775426e+00,-8.587689232396991668e-02
4.589999999999999858e+00,1.110808083344103858e+00,-8.612923550116291516e-02
4.600000000000000533e+00,1.109945575509329041e+00,-8.637049814129284242e-02
4.610000000000000320e+00,1.109080710190187835e+00,-8.660076644329160744e-02
4.620000000000000107e+00,1.108213596879691565e+00,-8.682012682073234067e-02
4.629999999999999893e+00,1.107344344197126018e+00,-8.702866590182933848e-02
4.639999999999999680e+00,1.106473059888050559e+00,-8.722647052943810486e-02
4.650000000000000355e+00,1.105599850824299679e+00,-8.741362776105530974e-02
4.660000000000000142e+00,1.104724823003981671e+00,-8.759022486881874736e-02
4.669999999999999929e+00,1.103848081551479732e+00,-8.775634933950747507e-02
4.679999999999999716e+00,1.102969730718088570e+00,-8.791208876333693467e-02
4.690000000000000391e+00,1.102089873929781083e+00,-8.805753079374360748e-02
4.700000000000000178e+00,1.101208613777749035e+00,-8.819276366741372886e-02
4.709999999999999964e+00,1.100326051960603291e+00,-8.831787571610069665e-02
4.719999999999999751e+00,1.099442289282384078e+00,-8.843295533140928255e-02
4.730000000000000426e+00,1.098557425652560315e+00,-8.853809096479577090e-02
4.740000000000000213e+00,1.097671560086030951e+00,-8.863337112756784764e-02
4.750000000000000000e+00,1.096784790703124290e+00,-8.871888439088468359e-02
4.759999999999999787e+00,1.095897214729597557e+00,-8.879471938575687895e-02
4.770000000000000462e+00,1.095008928496637557e+00,-8.886096480304650491e-02
4.780000000000000249e+00,1.094120027440860898e+00,-8.891770939346706204e-02
4.790000000000000036e+00,1.093230606104312885e+00,-8.896504196758353578e-02
4.799999999999999822e+00,1.092340758134468404e+00,-8.900305139581231317e-02
4.810000000000000497e+00,1.091450576284231921e+00,-8.903182660842129392e-02
4.820000000000000284e+00,1.090560152411937267e+00,-8.905145659552977933e-02
4.830000000000000071e+00,1.089669577486995555e+00,-8.906203037104522269e-02
4.839999999999999858e+00,1.088778941658441690e+00,-8.906363676280408537e-02
4.850000000000000533e+00,1.087888334185017403e+00,-8.905636501049835063e-02
4.860000000000000320e+00,1.086997843422364829e+00,-8.904030438839750927e-02
4.870000000000000107e+00,1.086107556832906162e+00,-8.901554409315105831e-02
4.879999999999999893e+00,1.085217560985843210e+00,-8.898217324378838999e-02
4.889999999999999680e+00,1.084327941557157393e+00,-8.894028088171883339e-02
4.900000000000000355e+00,1.083438783329610411e+00,-8.888995597073169608e-02
4.910000000000000142e+00,1.082550170192742911e+00,-8.883128739699622245e-02
4.919999999999999929e+00,1.081662185142876265e+00,-8.876436396906156601e-02
4.929999999999999716e+00,1.080774910283110790e+00,-8.868927441785685872e-02
4.940000000000000391e+00,1.079888426823326864e+00,-8.860610739669115554e-02
4.950000000000000178e+00,1.079002815080184696e+00,-8.851495148125347601e-02
4.959999999999999964e+00,1.078118154477124335e+00,-8.841589516961274875e-02
4.969999999999999751e+00,1.077234523544364997e+00,-8.830902688221789476e-02
4.980000000000000426e+00,1.076351999918906399e+00,-8.819443496189771636e-02
4.990000000000000213e+00,1.075470660388456068e+00,-8.807220756523381766e-02
5.000000000000000000e+00,1.074590580940033346e+00,-8.794243270298611470e-02
5.009999999999999787e+00,1.073711836594837044e+00,-8.780519860405429367e-02
5.020000000000000462e+00,1.072834501497178739e+00,-8.766059331863691739e-02
5.030000000000000249e+00,1.071958648919935309e+00,-8.750870470053322137e-02
5.040000000000000036e+00,1.071084351264548040e+00,-8.734962040714297493e-02
5.049999999999999822e+00,1.070211680061022630e+00,-8.718342789946662008e-02
5.060000000000000497e+00,1.069340705967930294e+00,-8.701021444210513267e-02
5.070000000000000284e+00,1.068471498772406658e+00,-8.683006710326020283e-02
5.080000000000000071e+00,1.067604127390152424e+00,-8.664307275473406844e-02
5.089999999999999858e+00,1.066738659865432481e+00,-8.644931807192954287e-02
5.100000000000000533e+00,1.065875163371077017e+00,-8.624888953385012602e-02
5.110000000000000320e+00,1.065013704208481293e+00,-8.604187342309987940e-02
5.120000000000000107e+00,1.064154347807604761e+00,-8.582835582588350942e-02
5.129999999999999893e+00,1.063297158726971725e+00,-8.560842263200628410e-02
5.139999999999999680e+00,1.062442200653672009e+00,-8.538215953487411636e-02
5.150000000000000355e+00,1.061589536457431260e+00,-8.514965195345039484e-02
5.160000000000000142e+00,1.060739228264448775e+00,-8.491098502801798509e-02
5.169999999999999929e+00,1.059891337198296091e+00,-8.466624398199300294e-02
5.179999999999999716e+00,1.059045923537739631e+00,-8.441551376725991984e-02
5.190000000000000391e+00,1.058203046730360253e+00,-8.415887904004530629e-02
5.200000000000000178e+00,1.057362765392553250e+00,-8.389642416091791510e-02
5.209999999999999964e+00,1.056525137309528795e+00,-8.362823319478857043e-02
5.219999999999999751e+00,1.055690219435310384e+00,-8.335438991091023708e-02
5.230000000000000426e+00,1.054858067892736839e+00,-8.307497778287799284e-02
5.240000000000000213e+00,1.054028737973460972e+00,-8.279007998862909778e-02
5.250000000000000000e+00,1.053202284137950251e+00,-8.249977941044288332e-02
5.259999999999999787e+00,1.052378760015485915e+00,-8.220415863494082154e-02
5.270000000000000462e+00,1.051558218404164080e+00,-8.190329995308648359e-02
5.280000000000000249e+00,1.050740711270895522e+00,-8.159728536018566458e-02
5.290000000000000036e+00,1.049926289751404562e+00,-8.128619655588618931e-02
5.299999999999999822e+00,1.049115004150230401e+00,-8.097011494417802324e-02
5.310000000000000497e+00,1.048306903943239554e+00,-8.064912163096611686e-02
5.320000000000000284e+00,1.047502037967484867e+00,-8.032329727743060810e-02
5.330000000000000071e+00,1.046700454154161797e+00,-7.999272242771544861e-02
5.339999999999999858e+00,1.045902199524359144e+00,-7.965747740604435523e-02
5.350000000000000533e+00,1.045107320324554223e+00,-7.931764216185968608e-02
5.360000000000000320e+00,1.044315862026613084e+00,-7.897329626982263484e-02
5.370000000000000107e+00,1.043527869327790292e+00,-7.862451892981306423e-02
5.379999999999999893e+00,1.042743386150728702e+00,-7.827138896692951986e-02
5.389999999999999680e+00,1.041962455643459906e+00,-7.791398483148931353e-02
5.400000000000000355e+00,1.041185120179404011e+00,-7.755238459902841219e-02
5.410000000000000142e+00,1.040411421357369415e+00,-7.718666597030165999e-02
5.419999999999999929e+00,1.039641400001553473e+00,-7.681690627128244520e-02
5.429999999999999716e+00,1.038875096161541833e+00,-7.644318245316295002e-02
5.440000000000000391e+00,1.038112549112308436e+00,-7.606557109235406733e-02
5.450000000000000178e+00,1.037353797354216178e+00,-7.568414839048547005e-02
5.459999999999999964e+00,1.036598878613016028e+00,-7.529899017440545850e-02
5.469999999999999751e+00,1.035847829839848133e+00,-7.491017189618111305e-02
5.480000000000000426e+00,1.035100687211782722e+00,-7.451776863278661289e-02
5.490000000000000213e+00,1.034357486349838595e+00,-7.412185498724624400e-02
5.500000000000000000e+00,1.033618262036191782e+00,-7.372250531354232472e-02
5.509999999999999787e+00,1.032883048141910232e+00,-7.331979367388366531e-02
5.520000000000000462e+00,1.032151877834031284e+00,-7.291379369695323576e-02
5.530000000000000249e+00,1.031424783575561888e+00,-7.250457857790841565e-02
5.540000000000000036e+00,1.030701797125478159e+00,-7.209222107838073046e-02
5.549999999999999822e+00,1.029982949538726267e+00,-7.167679352647599034e-02
5.560000000000000497e+00,1.029268271166221327e+00,-7.125836781677423459e-02
5.570000000000000284e+00,1.028557791654848286e+00,-7.083701541032988436e-02
5.580000000000000071e+00,1.027851539947461479e+00,-7.041280733467149278e-02
5.589999999999999858e+00,1.027149544282885074e+00,-6.998581418380191155e-02
5.600000000000000533e+00,1.026451832195911962e+00,-6.955610611819823541e-02
5.610000000000000320e+00,1.025758430517305086e+00,-6.912375286481191317e-02
5.620000000000000107e+00,1.025069365373797226e+00,-6.868882371706853951e-02
5.629999999999999893e+00,1.024384662188089878e+00,-6.825138753486802157e-02
5.639999999999999680e+00,1.023704345678854377e+00,-6.781151274458452338e-02
5.650000000000000355e+00,1.023028439860731664e+00,-6.736926733906641040e-02
5.660000000000000142e+00,1.022356968077005490e+00,-6.692471886895108579e-02
5.669999999999999929e+00,1.021689953275545237e+00,-6.647793440764927786e-02
5.679999999999999716e+00,1.021027417411256133e+00,-6.602898074191580757e-02
5.690000000000000391e+00,1.020369381703237099e+00,-6.557792422595364046e-02
5.700000000000000178e+00,1.019715866748879929e+00,-6.512483074196590005e-02
5.709999999999999964e+00,1.019066892523869949e+00,-6.466976570015560422e-02
5.719999999999999751e+00,1.018422478382184915e+00,-6.421279403872583169e-02
5.730000000000000426e+00,1.017782643056095671e+00,-6.375398022387969432e-02
5.740000000000000213e+00,1.017147404656166376e+00,-6.329338824982042033e-02
5.750000000000000000e+00,1.016516780671254061e+00,-6.283108163875116003e-02
5.759999999999999787e+00,1.015890787968508402e+00,-6.236712344087517318e-02
5.770000000000000462e+00,1.015269442793372834e+00,-6.190157623439566242e-02
5.780000000000000249e+00,1.014652760769582773e+00,-6.143450212551600231e-02
5.790000000000000036e+00,1.014040756899167617e+00,-6.096596274843950336e-02
5.799999999999999822e+00,1.013433445562449187e+00,-6.049601926536951613e-02
5.810000000000000497e+00,1.012830840518042175e+00,-6.002473236650939653e-02
5.820000000000000284e+00,1.012232954902855031e+00,-5.955216227006267238e-02
5.830000000000000071e+00,1.011639801232088187e+00,-5.907836872223275887e-02
5.839999999999999858e+00,1.011051391399235833e+00,-5.860341099722315983e-02
5.850000000000000533e+00,1.010467736910649839e+00,-5.812734789203719693e-02
5.860000000000000320e+00,1.009888848706682385e+00,-5.765023779924628028e-02
5.870000000000000107e+00,1.009314736769624465e+00,-5.717213868235726526e-02
5.879999999999999893e+00,1.008745410548062216e+00,-5.669310801475320460e-02
5.889999999999999680e+00,1.008180878961030480e+00,-5.621320277933661291e-02
5.900000000000000355e+00,1.007621150398013921e+00,-5.573247946852941115e-02
5.910000000000000142e+00,1.007066232718946575e+00,-5.525099408427307929e-02
5.919999999999999929e+00,1.006516133254211631e+00,-5.476880213802842734e-02
5.929999999999999716e+00,1.005970858804641876e+00,-5.428595865077576188e-02
5.940000000000000391e+00,1.005430415641519248e+00,-5.380251815301477503e-02
5.950000000000000178e+00,1.004894809506575504e+00,-5.331853468476475261e-02
5.959999999999999964e+00,1.004364045611991108e+00,-5.283406179556428273e-02
5.969999999999999751e+00,1.003838128640396343e+00,-5.234915254447146393e-02
5.980000000000000426e+00,1.003317062744870869e+00,-5.186385950006377338e-02
5.990000000000000213e+00,1.002800851548943717e+00,-5.137823474043828886e-02
6.000000000000000000e+00,1.002289498146592850e+00,-5.089232985321138353e-02
6.009999999999999787e+00,1.001783005102246271e+00,-5.040619593551893401e-02
6.020000000000000462e+00,1.001281374450780692e+00,-4.991988359401622333e-02
6.030000000000000249e+00,1.000784607697522866e+00,-4.943344294487810042e-02
6.040000000000000036e+00,1.000292705862493525e+00,-4.894692361858272306e-02
6.049999999999999822e+00,9.998056699172289674e-01,-4.846037484081348878e-02
6.060000000000000497e+00,9.993234998224675980e-01,-4.797384536235971969e-02
6.070000000000000284e+00,9.988461949108360383e-01,-4.748738343229202963e-02
6.080000000000000071e+00,9.983737540866310933e-01,-4.700103681069268957e-02
6.089999999999999858e+00,9.979061758258203074e-01,-4.651485276865575946e-02
6.100000000000000533e+00,9.974434581760414087e-01,-4.602887808828705352e-02
6.110000000000000320e+00,9.969855987566029754e-01,-4.554315906270427206e-02
6.120000000000000107e+00,9.965325947584835475e-01,-4.505774149603677947e-02
6.129999999999999893e+00,9.960844429443324044e-01,-4.457267070342572218e-02
6.140000000000000568e+00,9.956411396484692311e-01,-4.408799151102401476e-02
6.150000000000000355e+00,9.952026807768843408e-01,-4.360374825599644399e-02
6.160000000000000142e+00,9.947690618072381197e-01,-4.311998478651946076e-02
6.169999999999999929e+00,9.943402777888618038e-01,-4.263674446178131877e-02
6.179999999999999716e+00,9.939163233427568134e-01,-4.215407015198205376e-02
6.190000000000000391e+00,9.934971926615949744e-01,-4.167200423833342104e-02
6.200000000000000178e+00,9.930828795097190742e-01,-4.119058861305908287e-02
6.209999999999999964e+00,9.926733772231416397e-01,-4.070986467939435166e-02
6.219999999999999751e+00,9.922686787095462702e-01,-4.022987335158634964e-02
6.230000000000000426e+00,9.918687764482865266e-01,-3.975065505489393247e-02
6.240000000000000213e+00,9.914736624903869311e-01,-3.927224972558784194e-02
6.250000000000000000e+00,9.910833284585419678e-01,-3.879469681095049083e-02
6.259999999999999787e+00,9.906977661733347151e-01,-3.831803541877111530e-02
6.270000000000000462e+00,9.903169668623726940e-01,-3.784230421209729828e-02
6.280000000000000249e+00,9.899409206520281002e-01,-3.736754124472789484e-02
6.290000000000000036e+00,9.895696173547694485e-01,-3.689378410486657267e-02
6.299999999999999822e+00,9.892030464692636027e-01,-3.642106991514324627e-02
6.310000000000000497e+00,9.888411971803761080e-01,-3.594943533261403534e-02
6.320000000000000284e+00,9.884840583591707475e-01,-3.547891654876138973e-02
6.330000000000000071e+00,9.881316185629099857e-01,-3.500954928949385342e-02
6.339999999999999858e+00,9.877838660350546363e-01,-3.454136881514623808e-02
6.350000000000000533e+00,9.874407887052640831e-01,-3.407440992047954670e-02
6.360000000000000320e+00,9.871023741893960590e-01,-3.360870693468109849e-02
6.370000000000000107e+00,9.867686097895069786e-01,-3.314429372136434848e-02
6.379999999999999893e+00,9.864394824938516049e-01,-3.268120367856898467e-02
6.390000000000000568e+00,9.861149789768831608e-01,-3.221946973876087944e-02
6.400000000000000355e+00,9.857950855992534400e-01,-3.175912436883225609e-02
6.410000000000000142e+00,9.854797884078125847e-01,-3.130019957010144599e-02
6.419999999999999929e+00,9.851690731356093078e-01,-3.084272687831301693e-02
6.429999999999999716e+00,9.848629252018908931e-01,-3.038673736363777661e-02
6.440000000000000391e+00,9.845613297121028618e-01,-2.993226163067271711e-02
6.450000000000000178e+00,9.842642714578894170e-01,-2.947932981844115022e-02
6.459999999999999964e+00,9.839717349170931104e-01,-2.902797160039251312e-02
6.469999999999999751e+00,9.836837042537551756e-01,-2.857821618440248984e-02
6.480000000000000426e+00,9.834001633181151947e-01,-2.813009231277295574e-02
6.490000000000000213e+00,9.831210956466109874e-01,-2.768362826223211282e-02
6.500000000000000000e+00,9.828464844618793883e-01,-2.723885184393427805e-02
6.509999999999999787e+00,9.825763127066223790e-01,-2.679579044924171316e-02
6.520000000000000462e+00,9.823105632661534026e-01,-2.635447141616806613e-02
6.530000000000000249e+00,9.820492184578414330e-01,-2.591492135596776963e-02
6.540000000000000036e+00,9.817922602930326814e-01,-2.547716635195183127e-02
6.549999999999999822e+00,9.815396705653984810e-01,-2.504123206387834366e-02
6.560000000000000497e+00,9.812914308509342876e-01,-2.460714372795238733e-02
6.570000000000000284e+00,9.810475225079601236e-01,-2.417492615682621110e-02
6.580000000000000071e+00,9.808079266771208005e-01,-2.374460373959897883e-02
6.589999999999999858e+00,9.805726242813854743e-01,-2.331620044181693593e-02
6.600000000000000533e+00,9.803415960260477569e-01,-2.288973980547332615e-02
6.610000000000000320e+00,9.801148223987260488e-01,-2.246524494900855110e-02
6.620000000000000107e+00,9.798922836693628735e-01,-2.204273856730993089e-02
6.629999999999999893e+00,9.796739598902257651e-01,-2.162224293171187070e-02
6.640000000000000568e+00,9.794598308959064914e-01,-2.120377988999576704e-02
6.650000000000000355e+00,9.792498763033213871e-01,-2.078737086639017781e-02
6.660000000000000142e+00,9.790440755117113536e-01,-2.037303686157058980e-02
6.669999999999999929e+00,9.788424077026417480e-01,-1.996079845265954708e-02
6.679999999999999716e+00,9.786448518400026053e-01,-1.955067579322665450e-02
6.690000000000000391e+00,9.784513866700084161e-01,-1.914268861328851518e-02
6.700000000000000178e+00,9.782619907259586522e-01,-1.873685622338897711e-02
6.709999999999999964e+00,9.780766424828706285e-01,-1.833319766562351363e-02
6.719999999999999751e+00,9.778953200629060261e-01,-1.793173148646579756e-02
6.730000000000000426e+00,9.777180013278352622e-01,-1.753247576101987781e-02
6.740000000000000213e+00,9.775446639938741855e-01,-1.713544818133073272e-02
6.750000000000000000e+00,9.773752856316844095e-01,-1.674066605638405147e-02
6.759999999999999787e+00,9.772098436663728682e-01,-1.634814631210638330e-02
6.770000000000000462e+00,9.770483153774923712e-01,-1.595790549136506808e-02
6.780000000000000249e+00,9.768906778990410489e-01,-1.556995975396836644e-02
6.790000000000000036e+00,9.767369082194630181e-01,-1.518432487666525853e-02
6.799999999999999822e+00,9.765869831816474944e-01,-1.480101625314558106e-02
6.810000000000000497e+00,9.764408794829296800e-01,-1.442004889403996140e-02
6.820000000000000284e+00,9.762985736750903198e-01,-1.404143742691994420e-02
6.830000000000000071e+00,9.761600421643554792e-01,-1.366519609629779884e-02
6.839999999999999858e+00,9.760252612113970994e-01,-1.329133876362664952e-02
6.850000000000000533e+00,9.758942069313325529e-01,-1.291987890730040764e-02
6.860000000000000320e+00,9.757668552937249773e-01,-1.255082962265391053e-02
6.870000000000000107e+00,9.756431821230608925e-01,-1.218420362235178404e-02
6.879999999999999893e+00,9.755231632321829105e-01,-1.182001335413362594e-02
6.890000000000000568e+00,9.754067741998750929e-01,-1.145827084042204923e-02
6.900000000000000355e+00,9.752939903740704963e-01,-1.109898765101803055e-02
6.910000000000000142e+00,9.751847870190847312e-01,-1.074217501511247515e-02
6.919999999999999929e+00,9.750791393156159614e-01,-1.038784382128633832e-02
6.929999999999999716e+00,9.749770223607450159e-01,-1.003600461751060283e-02
6.940000000000000391e+00,9.748784111679349440e-01,-9.686667611146237283e-03
6.950000000000000178e+00,9.747832806670316819e-01,-9.339842668944326257e-03
6.959999999999999964e+00,9.746916057042636083e-01,-8.995539317045884650e-03
6.969999999999999751e+00,9.746033610422416560e-01,-8.653766740981975666e-03
6.980000000000000426e+00,9.745185213599590890e-01,-8.314533785673662233e-03
6.990000000000000213e+00,9.744370612527920583e-01,-7.977848955432109354e-03
7.000000000000000000e+00,9.743589552324991576e-01,-7.643720413958422777e-03
7.009999999999999787e+00,9.742841777272213122e-01,-7.312155984343753946e-03
7.020000000000000462e+00,9.742127030814823341e-01,-6.983163149069247962e-03
7.030000000000000249e+00,9.741445055561883670e-01,-6.656749050006161537e-03
7.040000000000000036e+00,9.740795593286281084e-01,-6.332920488415683460e-03
7.049999999999999822e+00,9.740178385617347390e-01,-6.011684006595995229e-03
7.060000000000000497e+00,9.739593173046404706e-01,-5.693045804291597609e-03
7.070000000000000284e+00,9.739039694580408080e-01,-5.377011669661795751e-03
7.080000000000000071e+00,9.738517688906529468e-01,-5.063587092975239089e-03
7.089999999999999858e+00,9.738026894393380095e-01,-4.752777266740586780e-03
7.100000000000000533e+00,9.737567049091017113e-01,-4.444587085706453063e-03
7.110000000000000320e+00,9.737137890730933609e-01,-4.139021146861515676e-03
7.120000000000000107e+00,9.736739156726068600e-01,-3.836083749434350196e-03
7.129999999999999893e+00,9.736370584170800369e-01,-3.535778894893542787e-03
7.140000000000000568e+00,9.736031909840949794e-01,-3.238110286947634264e-03
7.150000000000000355e+00,9.735722870193781464e-01,-2.943081331545224603e-03
7.160000000000000142e+00,9.735443201367997013e-01,-2.650695136874817257e-03
7.169999999999999929e+00,9.735192639183741781e-01,-2.360954513364925400e-03
7.179999999999999716e+00,9.734970919142605927e-01,-2.073861973684038539e-03
7.190000000000000391e+00,9.734777776427615548e-01,-1.789419732740607331e-03
7.200000000000000178e+00,9.734612945923197813e-01,-1.507629710159935328e-03
7.209999999999999964e+00,9.734476162773956220e-01,-1.228493609077781039e-03
7.219999999999999751e+00,9.734367161186708861e-01,-9.520127798713549049e-04
7.230000000000000426e+00,9.734285674992574355e-01,-6.781882618080752522e-04
7.240000000000000213e+00,9.734231438119789193e-01,-4.070208366661776534e-04
7.250000000000000000e+00,9.734204184593718834e-01,-1.385110287345696443e-04
7.259999999999999787e+00,9.734203648536852160e-01,1.273408951870732154e-04
7.270000000000000462e+00,9.734229564168801474e-01,3.905349257883514690e-04
7.280000000000000249e+00,9.734281665806302497e-01,6.510713112480538342e-04
7.290000000000000036e+00,9.734359687863218813e-01,9.089505572342920781e-04
7.299999999999999822e+00,9.734463364850536315e-01,1.164173426904412979e-03
7.310000000000000497e+00,9.734592431376364319e-01,1.416740940905036709e-03
7.320000000000000284e+00,9.734746622145937778e-01,1.666654377371974867e-03
7.330000000000000071e+00,9.734925671961617288e-01,1.913915271930361449e-03
7.339999999999999858e+00,9.735129315722885757e-01,2.158525417694561344e-03
7.350000000000000533e+00,9.735357288555888111e-01,2.400486846453382065e-03
7.360000000000000320e+00,9.735609325917332635e-01,2.639801799837098676e-03
7.370000000000000107e+00,9.735885162831764417e-01,2.876472842294767497e-03
7.379999999999999893e+00,9.736184534677876368e-01,3.110502768533131030e-03
7.390000000000000568e+00,9.736507177264992485e-01,3.341894593448813296e-03
7.400000000000000355e+00,9.736852826833067853e-01,3.570651552128236567e-03
7.410000000000000142e+00,9.737221220052689752e-01,3.796777099847746702e-03
7.419999999999999929e+00,9.737612094025079879e-01,4.020274912073529446e-03
7.429999999999999716e+00,9.738025186282087686e-01,4.241148884461629943e-03
7.440000000000000391e+00,9.738460234786197045e-01,4.459403132857974426e-03
7.450000000000000178e+00,9.738916977930524022e-01,4.675041993298291280e-03
7.459999999999999964e+00,9.739395154538813548e-01,4.888070022008229876e-03
7.469999999999999751e+00,9.739894503865446085e-01,5.098491995403275565e-03
7.480000000000000426e+00,9.740414765595432067e-01,5.306312910088799122e-03
7.490000000000000213e+00,9.740955680156427876e-01,5.511537936247992708e-03
7.500000000000000000e+00,9.741516988281828660e-01,5.714172467378180430e-03
7.509999999999999787e+00,9.742098430749197568e-01,5.914222169284207541e-03
7.520000000000000462e+00,9.742699749047970537e-01,6.111692891968172232e-03
7.530000000000000249e+00,9.743320685382961255e-01,6.306590669140525046e-03
7.540000000000000036e+00,9.743960982674365612e-01,6.498921718220179028e-03
7.549999999999999822e+00,9.744620384557760584e-01,6.688692440334433401e-03
7.560000000000000497e+00,9.745298635384103125e-01,6.875909420319015197e-03
7.570000000000000284e+00,9.745995480219732388e-01,7.060579426718007270e-03
7.580000000000000071e+00,9.746710664846368610e-01,7.242709411783950640e-03
7.589999999999999858e+00,9.747443935761110900e-01,7.422306511477775107e-03
7.600000000000000533e+00,9.748195040176440562e-01,7.599378045468836544e-03
7.610000000000000320e+00,9.748963726020222209e-01,7.773931517134850117e-03
7.620000000000000107e+00,9.749749741935695990e-01,7.945974613561983951e-03
7.629999999999999893e+00,9.750552837416630592e-01,8.115515181597136862e-03
7.640000000000000568e+00,9.751372762858921961e-01,8.282561204761128976e-03
7.650000000000000355e+00,9.752209268825006161e-01,8.447120934271759585e-03
7.660000000000000142e+00,9.753062106773394691e-01,8.609202778724676583e-03
7.669999999999999929e+00,9.753931029120294083e-01,8.768815293994277824e-03
7.679999999999999716e+00,9.754815789239610346e-01,8.925967183233738875e-03
7.690000000000000391e+00,9.755716141462945634e-01,9.080667296875021693e-03
7.700000000000000178e+00,9.756631841079599354e-01,9.232924632628819114e-03
7.709999999999999964e+00,9.757562644336569280e-01,9.382748335484634647e-03
7.719999999999999751e+00,9.758508308438547107e-01,9.530147697710735638e-03
7.730000000000000426e+00,9.759468591547926231e-01,9.675132158854170619e-03
7.740000000000000213e+00,9.760443252784793966e-01,9.817711305740724204e-03
7.750000000000000000e+00,9.761432052226935996e-01,9.957894872474993414e-03
7.759999999999999787e+00,9.762434750909834147e-01,1.009569274044033391e-02
7.770000000000000462e+00,9.763451110826670831e-01,1.023111493829888252e-02
7.780000000000000249e+00,9.764480895109342029e-01,1.036417160032048791e-02
7.790000000000000036e+00,9.765523867797747393e-01,1.049487299555581718e-02
7.799999999999999822e+00,9.766579793527415676e-01,1.062322961127851878e-02
7.810000000000000497e+00,9.767648438077289885e-01,1.074925204862519669e-02
7.820000000000000284e+00,9.768729568379701522e-01,1.087295102052985782e-02
7.830000000000000071e+00,9.769822952520380577e-01,1.099433735172397793e-02
7.839999999999999858e+00,9.770928359738447755e-01,1.111342197873646347e-02
7.850000000000000533e+00,9.772045560426420030e-01,1.123021594989366372e-02
7.860000000000000320e+00,9.773174326130207312e-01,1.134473042531933609e-02
7.870000000000000107e+00,9.774314429549113559e-01,1.145697667693471034e-02
7.879999999999999893e+00,9.775465644535836773e-01,1.156696608845843299e-02
7.890000000000000568e+00,9.776627746096470117e-01,1.167471015540660906e-02
7.900000000000000355e+00,9.777800510390496358e-01,1.178022048509274472e-02
7.910000000000000142e+00,9.778983714730798971e-01,1.188350879662781329e-02
7.919999999999999929e+00,9.780177137583648816e-01,1.198458692092021702e-02
7.930000000000000604e+00,9.781380558638547162e-01,1.208346677915913062e-02
7.940000000000000391e+00,9.782593758820047336e-01,1.218016035417863671e-02
7.950000000000000178e+00,9.783816519831923797e-01,1.227467982970862313e-02
7.959999999999999964e+00,9.785048624632961545e-01,1.236703747977746168e-02
7.969999999999999751e+00,9.786289857482715071e-01,1.245724565644408879e-02
7.980000000000000426e+00,9.787540003941510580e-01,1.254531678979800731e-02
7.990000000000000213e+00,9.788798850870442658e-01,1.263126338795926909e-02
8.000000000000000000e+00,9.790066186431376494e-01,1.271509803707851320e-02
8.009999999999999787e+00,9.791341800086948988e-01,1.279683340133693295e-02
8.019999999999999574e+00,9.792625482600564313e-01,1.287648222294628803e-02
8.029999999999999361e+00,9.793917026036398354e-01,1.295405732214890797e-02
8.040000000000000924e+00,9.795216223759398710e-01,1.302957159721769391e-02
8.050000000000000711e+00,9.796522870435279140e-01,1.310303802445607520e-02
8.060000000000000497e+00,9.797836762030527336e-01,1.317446965819808746e-02
8.070000000000000284e+00,9.799157695812398261e-01,1.324387963080831711e-02
8.080000000000000071e+00,9.800485470348919703e-01,1.331128115268191518e-02
8.089999999999999858e+00,9.801819885594309500e-01,1.337668746235555831e-02
8.099999999999999645e+00,9.803160742650735004e-01,1.344011189073514648e-02
8.109999999999999432e+00,9.804507843782764853e-01,1.350156790241599861e-02
8.120000000000000995e+00,9.805860992654468200e-01,1.356106900883887953e-02
8.130000000000000782e+00,9.807219994329937629e-01,1.361862876806176070e-02
8.140000000000000568e+00,9.808584655273291375e-01,1.367426078475990001e-02
8.150000000000000355e+00,9.809954783348667773e-01,1.372797871022578622e-02
8.160000000000000142e+00,9.811330187820230808e-01,1.377979624236915640e-02
8.169999999999999929e+00,9.812710679352164567e-01,1.382972712571699063e-02
8.179999999999999716e+00,9.814096070008677675e-01,1.387778515141352073e-02
8.189999999999999503e+00,9.815486173254004409e-01,1.392398415722021984e-02
8.199999999999999289e+00,9.816880803952398038e-01,1.396833802751581109e-02
8.210000000000000853e+00,9.818279778368138588e-01,1.401086069329626933e-02
8.220000000000000639e+00,9.819682914165526189e-01,1.405156613217479339e-02
8.230000000000000426e+00,9.821090030408885507e-01,1.409046836838185289e-02
8.240000000000000213e+00,9.822500947562564644e-01,1.412758147276515532e-02
8.250000000000000000e+00,9.823915487500779475e-01,1.416291951999327538e-02
8.259999999999999787e+00,9.825333473365085446e-01,1.419649663803812176e-02
8.269999999999999574e+00,9.826754729629469942e-01,1.422832706050299045e-02
8.279999999999999361e+00,9.828179082220197538e-01,1.425842503968744249e-02
8.290000000000000924e+00,9.829606358516347342e-01,1.428680484596578197e-02
8.300000000000000711e+00,9.831036387349809669e-01,1.431348076778705090e-02
8.310000000000000497e+00,9.832468999005292698e-01,1.433846711167504999e-02
8.320000000000000284e+00,9.833904025220320255e-01,1.436177820222831782e-02
8.330000000000000071e+00,9.835341299185229591e-01,1.438342838212014300e-02
8.339999999999999858e+00,9.836780655543174712e-01,1.440343201209855553e-02
8.349999999999999645e+00,9.838221930390121939e-01,1.442180347098633367e-02
8.359999999999999432e+00,9.839664961274854349e-01,1.443855715568100051e-02
8.370000000000000995e+00,9.841109587198970665e-01,1.445370748115482745e-02
8.380000000000000782e+00,9.842555648616884145e-01,1.446726888045482377e-02
8.390000000000000568e+00,9.844002987435821472e-01,1.447925580470275399e-02
8.400000000000000355e+00,9.845451447015824975e-01,1.448968272309512223e-02
8.410000000000000142e+00,9.846900872156202356e-01,1.449856411172068503e-02
8.419999999999999929e+00,9.848351108966877376e-01,1.450591441596013609e-02
8.429999999999999716e+00,9.849802004987689985e-01,1.451174817749598112e-02
8.439999999999999503e+00,9.851253409229761004e-01,1.451607994840268916e-02
8.449999999999999289e+00,9.852705172166146275e-01,1.451892427355801901e-02
8.460000000000000853e+00,9.854157145731839984e-01,1.452029569064301404e-02
8.470000000000000639e+00,9.855609183323774669e-01,1.452020873014199520e-02
8.480000000000000426e+00,9.857061139800818994e-01,1.451867791534257324e-02
8.490000000000000213e+00,9.858512871483782192e-01,1.451571776233563996e-02
8.500000000000000000e+00,9.859964236155408512e-01,1.451134278001536999e-02
8.509999999999999787e+00,9.861415093060380554e-01,1.450556747007922254e-02
8.519999999999999574e+00,9.862865302905319265e-01,1.449840632702793786e-02
8.529999999999999361e+00,9.864314727858781717e-01,1.448987383816554599e-02
8.540000000000000924e+00,9.865763231551263335e-01,1.447998448359935110e-02
8.550000000000000711e+00,9.867210679075197888e-01,1.446875273623995060e-02
8.560000000000000497e+00,9.868656936984955275e-01,1.445619306180122125e-02
8.570000000000000284e+00,9.870101873296845962e-01,1.444231991880032089e-02
8.580000000000000071e+00,9.871545357428312961e-01,1.442714774148450875e-02
8.589999999999999858e+00,9.872987260041161672e-01,1.441069092840949716e-02
8.599999999999999645e+00,9.874427453391690923e-01,1.439296394065570084e-02
8.609999999999999432e+00,9.875865811187444221e-01,1.437398121798808687e-02
8.620000000000000995e+00,9.877302208566989261e-01,1.435375717125701722e-02
8.630000000000000782e+00,9.878736522099921258e-01,1.433230618239826615e-02
8.640000000000000568e+00,9.880168629786864054e-01,1.430964260443299066e-02
8.650000000000000355e+00,9.881598411059466791e-01,1.428578076146775656e-02
8.660000000000000142e+00,9.883025746780408349e-01,1.426073494869452285e-02
8.669999999999999929e+00,9.884450519243391797e-01,1.423451943239065036e-02
8.679999999999999716e+00,9.885872612173148832e-01,1.420714844991889658e-02
8.689999999999999503e+00,9.887291910725439781e-01,1.417863620972742086e-02
8.700000000000001066e+00,9.888708301487051378e-01,1.414899689134977052e-02
8.710000000000000853e+00,9.890121672475795656e-01,1.411824464540491209e-02
8.720000000000000639e+00,9.891531913140514387e-01,1.408639359359719484e-02
8.730000000000000426e+00,9.892938914361074643e-01,1.405345782871636820e-02
8.740000000000000213e+00,9.894342568448373232e-01,1.401945141463758690e-02
8.750000000000000000e+00,9.895742769117806814e-01,1.398438838202037925e-02
8.759999999999999787e+00,9.897139411178101920e-01,1.394828269229728308e-02
8.769999999999999574e+00,9.898532391062633273e-01,1.391114833714153683e-02
8.779999999999999361e+00,9.899921606680274211e-01,1.387299928332154896e-02
8.790000000000000924e+00,9.901306957304082390e-01,1.383384945068264101e-02
8.800000000000000711e+00,9.902688343571286467e-01,1.379371271214708226e-02
8.810000000000000497e+00,9.904065667483297197e-01,1.375260289371403946e-02
8.820000000000000284e+00,9.905438832405702998e-01,1.371053377445960800e-02
8.830000000000000071e+00,9.906807743068266614e-01,1.366751908653680674e-02
8.839999999999999858e+00,9.908172305564932891e-01,1.362357251517557800e-02
8.849999999999999645e+00,9.909532427353822115e-01,1.357870769868278413e-02
8.859999999999999432e+00,9.910888017257233340e-01,1.353293822844221263e-02
8.870000000000000995e+00,9.912238985461641061e-01,1.348627764891455888e-02
8.880000000000000782e+00,9.913585243517701873e-01,1.343873945763747121e-02
8.890000000000000568e+00,9.914926704340245589e-01,1.339033710522549540e-02
8.900000000000000355e+00,9.916263282208281904e-01,1.334108399537010242e-02
8.910000000000000142e+00,9.917594892765000392e-01,1.329099348483968844e-02
8.919999999999999929e+00,9.918921453017763845e-01,1.324007888347957310e-02
8.929999999999999716e+00,9.920242881259017098e-01,1.318835344704936095e-02
8.939999999999999503e+00,9.921559096723741034e-01,1.313583035936139419e-02
8.950000000000001066e+00,9.922870020401336477e-01,1.308252281117096294e-02
8.960000000000000853e+00,9.924175574642845055e-01,1.302844394255657685e-02
8.970000000000000639e+00,9.925475683064943766e-01,1.297360683249049358e-02
8.980000000000000426e+00,9.926770270549947206e-01,1.291802449883875346e-02
8.990000000000000213e+00,9.928059263245803123e-01,1.286170989836117259e-02
9.000000000000000000e+00,9.929342588566094641e-01,1.280467592671134455e-02
9.009999999999999787e+00,9.930620175190042476e-01,1.274693541843663867e-02
9.019999999999999574e+00,9.931891953062501610e-01,1.268850114697819657e-02
9.029999999999999361e+00,9.933157853393960179e-01,1.262938582467093562e-02
9.040000000000000924e+00,9.934417808660546134e-01,1.256960210274354200e-02
9.050000000000000711e+00,9.935671752604018359e-01,1.250916257131850715e-02
9.060000000000000497e+00,9.936919620231775552e-01,1.244807975941206353e-02
9.070000000000000284e+00,9.938161347816848457e-01,1.238636613493423327e-02
9.080000000000000071e+00,9.939396872897904300e-01,1.232403410468881251e-02
9.089999999999999858e+00,9.940626134279246795e-01,1.226109601437337486e-02
9.099999999999999645e+00,9.941849072030812806e-01,1.219756414857926449e-02
9.109999999999999432e+00,9.943065627488177904e-01,1.213345073079160653e-02
9.120000000000000995e+00,9.944275742825762210e-01,1.206876790439439726e-02
9.130000000000000782e+00,9.945479361523725803e-01,1.200352777259519263e-02
9.140000000000000568e+00,9.946676428695737648e-01,1.193774240008430021e-02
9.150000000000000355e+00,9.947866890595405964e-01,1.187142378014273240e-02
9.160000000000000142e+00,9.949050694616271562e-01,1.180458383464137034e-02
9.169999999999999929e+00,9.950227789291800073e-01,1.173723441404097081e-02
9.179999999999999716e+00,9.951398124295390835e-01,1.166938729739216453e-02
9.189999999999999503e+00,9.952561650440366892e-01,1.160105419233545959e-02
9.200000000000001066e+00,9.953718319679984994e-01,1.153224673510122242e-02
9.210000000000000853e+00,9.954868085107426712e-01,1.146297649050973672e-02
9.220000000000000639e+00,9.956010900955803988e-01,1.139325495197112022e-02
9.230000000000000426e+00,9.957146722598160249e-01,1.132309354148537672e-02
9.240000000000000213e+00,9.958275506547462630e-01,1.125250360964238569e-02
9.250000000000000000e+00,9.959397210456611971e-01,1.118149643562190224e-02
9.259999999999999787e+00,9.960511793118435042e-01,1.111008322719355540e-02
9.269999999999999574e+00,9.961619214465688987e-01,1.103827512071685162e-02
9.279999999999999361e+00,9.962719435571059101e-01,1.096608318114116604e-02
9.290000000000000924e+00,9.963812418647158831e-01,1.089351840200573907e-02
9.300000000000000711e+00,9.964898127046531995e-01,1.082059170543972666e-02
9.310000000000000497e+00,9.965976524973180206e-01,1.074731393625501762e-02
9.320000000000000284e+00,9.967047577380435674e-01,1.067369587270448027e-02
9.330000000000000071e+00,9.968111251074751600e-01,1.059974824682180863e-02
9.339999999999999858e+00,9.969167513897790878e-01,1.052548171404120263e-02
9.349999999999999645e+00,9.970216334682613368e-01,1.045090685195754730e-02
9.359999999999999432e+00,9.971257683253679227e-01,1.037603416032640766e-02
9.370000000000000995e+00,9.972291530426853345e-01,1.030087406106402689e-02
9.380000000000000782e+00,9.973317848009395359e-01,1.022543689824736805e-02
9.390000000000000568e+00,9.974336608799970749e-01,1.014973293811404116e-02
9.400000000000000355e+00,9.975347786588641963e-01,1.007377236906235353e-02
9.410000000000000142e+00,9.976351356156875072e-01,9.997565301651297615e-03
9.419999999999999929e+00,9.977347293277534224e-01,9.921121768600551019e-03
9.429999999999999716e+00,9.978335574714884970e-01,9.844451724790474756e-03
9.439999999999999503e+00,9.979316178224595379e-01,9.767565047262116718e-03
9.450000000000001066e+00,9.980289082553729374e-01,9.690471535217192595e-03
9.460000000000000853e+00,9.981254267440756722e-01,9.613180910018146591e-03
9.470000000000000639e+00,9.982211713615545268e-01,9.535702815188064688e-03
9.480000000000000426e+00,9.983161402799362039e-01,9.458046816410735358e-03
9.490000000000000213e+00,9.984103317704878799e-01,9.380222401530627016e-03
9.500000000000000000e+00,9.985037442036164279e-01,9.302238980552893222e-03
9.509999999999999787e+00,9.985963760354895635e-01,9.224105885453214027e-03
9.519999999999999574e+00,9.986882257391966888e-01,9.145832377565599886e-03
9.529999999999999361e+00,9.987792919789182378e-01,9.067427655251760268e-03
9.540000000000000924e+00,9.988695735257352437e-01,8.988900838168429816e-03
9.550000000000000711e+00,9.989590692330807542e-01,8.910260965559380422e-03
9.560000000000000497e+00,9.990477780367398308e-01,8.831516996255348376e-03
9.570000000000000284e+00,9.991356989548495493e-01,8.752677808674086402e-03
9.580000000000000071e+00,9.992228310878992215e-01,8.673752200820349784e-03
9.589999999999999858e+00,9.993091736187301732e-01,8.594748890285896364e-03
9.599999999999999645e+00,9.993947258125354116e-01,8.515676514249486545e-03
9.609999999999999432e+00,9.994794870168604017e-01,8.436543629476883285e-03
9.620000000000000995e+00,9.995634566616025118e-01,8.357358712320839961e-03
9.630000000000000782e+00,9.996466342590110132e-01,8.278130158721154139e-03
9.640000000000000568e+00,9.997290194036874134e-01,8.198866284204580843e-03
9.650000000000000355e+00,9.998106117725851227e-01,8.119575323884896736e-03
9.660000000000000142e+00,9.998914111250096770e-01,8.040265432462877573e-03
9.669999999999999929e+00,9.999714173026187369e-01,7.960944684226305135e-03
9.679999999999999716e+00,1.000050630229421644e+00,7.881621073049960291e-03
9.689999999999999503e+00,1.000129049911780310e+00,7.802302512395628206e-03
9.700000000000001066e+00,1.000206676438408104e+00,7.722996835312084460e-03
9.710000000000000853e+00,1.000283509980370855e+00,7.643711794435147089e-03
9.720000000000000639e+00,1.000359550791086516e+00,7.564455061987595923e-03
9.730000000000000426e+00,1.000434799165310418e+00,7.485234236339139563e-03
9.740000000000000213e+00,1.000509255399053554e+00,7.406056859784959645e-03
9.750000000000000000e+00,1.000582920011035437e+00,7.326930383975190780e-03
9.759999999999999787e+00,1.000655793596554100e+00,7.247862179973779684e-03
9.769999999999999574e+00,1.000727876814574202e+00,7.168859539796512692e-03
9.779999999999999361e+00,1.000799170387726367e+00,7.089929676411014028e-03
9.790000000000000924e+00,1.000869675102308065e+00,7.011079723736735395e-03
9.800000000000000711e+00,1.000939391808282952e+00,6.932316736645006278e-03
9.810000000000000497e+00,1.001008321419281089e+00,6.853647690958954153e-03
9.820000000000000284e+00,1.001076464912598718e+00,6.775079483453559995e-03
9.830000000000000071e+00,1.001143823329198712e+00,6.696618931855644399e-03
9.839999999999999858e+00,1.001210397773710126e+00,6.618272774843865849e-03
9.849999999999999645e+00,1.001276189414428641e+00,6.540047672048720714e-03
9.859999999999999432e+00,1.001341199483316124e+00,6.461950204052546720e-03
9.870000000000000995e+00,1.001405429276000625e+00,6.383986872389505601e-03
9.880000000000000782e+00,1.001468880151777041e+00,6.306164099545638613e-03
9.890000000000000568e+00,1.001531553533606234e+00,6.228488228958785865e-03
9.900000000000000355e+00,1.001593450908115690e+00,6.150965525018639232e-03
9.910000000000000142e+00,1.001654573825599082e+00,6.073602173066730212e-03
9.919999999999999929e+00,1.001714923900016707e+00,5.996404279396429921e-03
9.929999999999999716e+00,1.001774502808994827e+00,5.919377871252946496e-03
9.939999999999999503e+00,1.001833312293826328e+00,5.842528896833328565e-03
9.950000000000001066e+00,1.001891354159470726e+00,5.765863225286449630e-03
9.960000000000000853e+00,1.001948630274553720e+00,5.689386646713062712e-03
9.970000000000000639e+00,1.002005142571481100e+00,5.613104873594762338e-03
9.980000000000000426e+00,1.002060893044295575e+00,5.537023588634032434e-03
9.990000000000000213e+00,1.002115883730176904e+00,5.461148386618997104e-03
1.000000000000000000e+01,1.002170116717389758e+00,5.385484766667194417e-03
